index_dec,index_hex,group,char,source
0,0,confirmed,,fallback
1,1,confirmed,『,tesseract:jpn_psm10
2,2,confirmed,』,tesseract:jpn_psm10
3,3,confirmed,、,manual:user_confirmed
4,4,confirmed,。,manual:user_confirmed
5,5,confirmed,？,token_map
6,6,confirmed,！,token_map
7,7,confirmed,0,token_map
8,8,confirmed,1,token_map
9,9,confirmed,2,token_map
10,000A,confirmed,3,token_map
11,000B,confirmed,4,token_map
12,000C,confirmed,5,token_map
13,000D,confirmed,6,token_map
14,000E,confirmed,7,token_map
15,000F,confirmed,8,token_map
16,10,confirmed,9,token_map
17,11,confirmed,A,token_map
18,12,confirmed,B,token_map
19,13,confirmed,C,token_map
20,14,confirmed,D,token_map
21,15,confirmed,E,token_map
22,16,confirmed,F,token_map
23,17,confirmed,G,token_map
24,18,confirmed,H,token_map
25,19,confirmed,I,token_map
26,001A,confirmed,J,token_map
27,001B,confirmed,K,token_map
28,001C,confirmed,L,token_map
29,001D,confirmed,M,token_map
30,001E,confirmed,N,token_map
31,001F,confirmed,O,token_map
32,20,confirmed,P,token_map
33,21,confirmed,Q,token_map
34,22,confirmed,R,token_map
35,23,confirmed,S,token_map
36,24,confirmed,T,token_map
37,25,confirmed,U,token_map
38,26,confirmed,V,token_map
39,27,confirmed,W,token_map
40,28,confirmed,X,token_map
41,29,confirmed,Y,token_map
42,002A,confirmed,Z,token_map
43,002B,confirmed,a,token_map
44,002C,confirmed,m,token_map
45,002D,confirmed,p,token_map
46,002E,confirmed,ぁ,token_map
47,002F,confirmed,あ,token_map
48,30,confirmed,ぃ,token_map
49,31,confirmed,い,token_map
50,32,confirmed,ぅ,token_map
51,33,confirmed,う,token_map
52,34,confirmed,ぇ,token_map
53,35,confirmed,え,token_map
54,36,confirmed,ぉ,token_map
55,37,confirmed,お,token_map
56,38,confirmed,か,token_map
57,39,confirmed,が,token_map
58,003A,confirmed,き,token_map
59,003B,confirmed,ぎ,token_map
60,003C,confirmed,く,token_map
61,003D,confirmed,ぐ,token_map
62,003E,confirmed,け,token_map
63,003F,confirmed,げ,token_map
64,40,confirmed,こ,token_map
65,41,confirmed,ご,token_map
66,42,confirmed,さ,token_map
67,43,confirmed,ざ,token_map
68,44,confirmed,し,token_map
69,45,confirmed,じ,token_map
70,46,confirmed,す,token_map
71,47,confirmed,ず,token_map
72,48,confirmed,せ,token_map
73,49,confirmed,ぜ,token_map
74,004A,confirmed,そ,token_map
75,004B,confirmed,ぞ,token_map
76,004C,confirmed,た,token_map
77,004D,confirmed,だ,token_map
78,004E,confirmed,ち,token_map
79,004F,confirmed,ぢ,token_map
80,50,confirmed,っ,token_map
81,51,confirmed,つ,token_map
82,52,confirmed,づ,token_map
83,53,confirmed,て,token_map
84,54,confirmed,で,token_map
85,55,confirmed,と,token_map
86,56,confirmed,ど,token_map
87,57,confirmed,な,token_map
88,58,confirmed,に,token_map
89,59,confirmed,ぬ,token_map
90,005A,confirmed,ね,token_map
91,005B,confirmed,の,token_map
92,005C,confirmed,は,token_map
93,005D,confirmed,ば,token_map
94,005E,confirmed,ぱ,token_map
95,005F,confirmed,ひ,token_map
96,60,confirmed,び,token_map
97,61,confirmed,ぴ,token_map
98,62,confirmed,ふ,token_map
99,63,confirmed,ぶ,token_map
100,64,confirmed,ぷ,token_map
101,65,confirmed,へ,token_map
102,66,confirmed,べ,token_map
103,67,confirmed,ぺ,token_map
104,68,confirmed,ほ,token_map
105,69,confirmed,ぼ,token_map
106,006A,confirmed,ぽ,token_map
107,006B,confirmed,ま,token_map
108,006C,confirmed,み,token_map
109,006D,confirmed,む,token_map
110,006E,confirmed,め,token_map
111,006F,confirmed,も,token_map
112,70,confirmed,ゃ,token_map
113,71,confirmed,や,token_map
114,72,confirmed,ゅ,token_map
115,73,confirmed,ゆ,token_map
116,74,confirmed,ょ,token_map
117,75,confirmed,よ,token_map
118,76,confirmed,ら,token_map
119,77,confirmed,り,token_map
120,78,confirmed,る,token_map
121,79,confirmed,れ,token_map
122,007A,confirmed,ろ,token_map
123,007B,confirmed,わ,token_map
124,007C,confirmed,を,manual:jp_variant_fix
125,007D,confirmed,ん,token_map
126,007E,confirmed,ァ,token_map
127,007F,confirmed,ア,token_map
128,80,confirmed,ィ,token_map
129,81,confirmed,イ,token_map
130,82,confirmed,ゥ,token_map
131,83,confirmed,ウ,token_map
132,84,confirmed,ェ,token_map
133,85,confirmed,エ,token_map
134,86,confirmed,ォ,token_map
135,87,confirmed,オ,token_map
136,88,confirmed,カ,token_map
137,89,confirmed,ガ,token_map
138,008A,confirmed,キ,token_map
139,008B,confirmed,ギ,token_map
140,008C,confirmed,ク,token_map
141,008D,confirmed,グ,token_map
142,008E,confirmed,ケ,token_map
143,008F,confirmed,ゲ,token_map
144,90,confirmed,コ,token_map
145,91,confirmed,ゴ,token_map
146,92,confirmed,サ,token_map
147,93,confirmed,ザ,token_map
148,94,confirmed,シ,token_map
149,95,confirmed,ジ,token_map
150,96,confirmed,ス,token_map
151,97,confirmed,ズ,token_map
152,98,confirmed,セ,token_map
153,99,confirmed,ゼ,token_map
154,009A,confirmed,ソ,token_map
155,009B,confirmed,ゾ,token_map
156,009C,confirmed,タ,token_map
157,009D,confirmed,ダ,token_map
158,009E,confirmed,チ,token_map
159,009F,confirmed,ヂ,token_map
160,00A0,confirmed,ッ,token_map
161,00A1,confirmed,ツ,token_map
162,00A2,confirmed,ヅ,token_map
163,00A3,confirmed,テ,token_map
164,00A4,confirmed,デ,token_map
165,00A5,confirmed,ト,token_map
166,00A6,confirmed,ド,token_map
167,00A7,confirmed,ナ,token_map
168,00A8,confirmed,ニ,token_map
169,00A9,confirmed,ヌ,token_map
170,00AA,confirmed,ネ,token_map
171,00AB,confirmed,ノ,token_map
172,00AC,confirmed,ハ,token_map
173,00AD,confirmed,バ,token_map
174,00AE,confirmed,パ,token_map
175,00AF,confirmed,ヒ,token_map
176,00B0,confirmed,ビ,token_map
177,00B1,confirmed,ピ,token_map
178,00B2,confirmed,フ,token_map
179,00B3,confirmed,ブ,token_map
180,00B4,confirmed,プ,token_map
181,00B5,confirmed,ヘ,token_map
182,00B6,confirmed,ベ,token_map
183,00B7,confirmed,ペ,token_map
184,00B8,confirmed,ホ,token_map
185,00B9,confirmed,ボ,token_map
186,00BA,confirmed,ポ,token_map
187,00BB,confirmed,マ,token_map
188,00BC,confirmed,ミ,token_map
189,00BD,confirmed,ム,token_map
190,00BE,confirmed,メ,token_map
191,00BF,confirmed,モ,token_map
192,00C0,confirmed,ャ,token_map
193,00C1,confirmed,ヤ,token_map
194,00C2,confirmed,ュ,token_map
195,00C3,confirmed,ユ,token_map
196,00C4,confirmed,ョ,token_map
197,00C5,confirmed,ヨ,token_map
198,00C6,confirmed,ラ,token_map
199,00C7,confirmed,リ,token_map
200,00C8,confirmed,ル,token_map
201,00C9,confirmed,レ,token_map
202,00CA,confirmed,ロ,token_map
203,00CB,confirmed,ワ,token_map
204,00CC,confirmed,ヲ,paddle_xbrz:0.175
205,00CD,confirmed,ン,token_map
206,00CE,confirmed,ヴ,token_map
207,00CF,confirmed,・,token_map
208,00D0,confirmed,無,paddle1:0.993
209,00D1,confirmed,ー,token_map
210,00D2,confirmed,超,paddle1:1.000
211,00D3,symbol,,manual:icon_glyph
212,00D4,symbol,,manual:icon_glyph
213,00D5,symbol,,manual:icon_glyph
214,00D6,symbol,,manual:icon_glyph
215,00D7,symbol,,manual:icon_glyph
216,00D8,symbol,,manual:icon_glyph
217,00D9,symbol,,manual:icon_glyph
218,00DA,symbol,,manual:icon_glyph
219,00DB,symbol,,manual:icon_glyph
220,00DC,symbol,,manual:icon_glyph
221,00DD,symbol,,manual:icon_glyph
222,00DE,symbol,,manual:icon_glyph
223,00DF,symbol,,manual:icon_glyph
224,0,symbol,,manual:icon_glyph
225,0,symbol,,manual:icon_glyph
226,0,symbol,,manual:icon_glyph
227,0,symbol,,manual:icon_glyph
228,0,symbol,,manual:long_dash_part
229,0,symbol,,manual:long_dash_part
230,0,symbol,,manual:long_dash_part
231,0,confirmed,+,manual:user_confirmed
232,0,confirmed,体,token_map
233,0,confirmed,力,paddle1:0.994
234,00EA,confirmed,知,paddle1:0.993
235,00EB,confirmed,修,paddle1:0.172
236,00EC,confirmed,正,paddle1:1.000
237,00ED,confirmed,値,manual:jp_variant_fix
238,00EE,confirmed,雇,paddle1:0.987
239,00EF,confirmed,用,token_map
240,00F0,confirmed,傭,manual:jp_variant_fix
241,00F1,confirmed,兵,paddle1:0.982
242,00F2,confirmed,数,paddle1:0.954
243,00F3,confirmed,指,token_map
244,00F4,confirmed,揮,paddle1:0.821
245,00F5,confirmed,範,paddle1:0.963
246,00F6,confirmed,囲,manual:context_vision_confirmed
247,00F7,confirmed,判,paddle1:1.000
248,00F8,confirmed,断,paddle1:0.941
249,00F9,confirmed,魔,paddle1:0.975
250,00FA,confirmed,法,paddle1:0.999
251,00FB,confirmed,移,token_map
252,00FC,confirmed,動,paddle1:0.991
253,00FD,confirmed,攻,paddle1:0.709
254,00FE,confirmed,撃,manual:context_vision_confirmed
255,00FF,confirmed,治,paddle1:0.998
256,100,confirmed,療,paddle1:0.963
257,101,confirmed,召,paddle1:0.925
258,102,confirmed,喚,manual:jp_variant_fix
259,103,confirmed,待,paddle1:0.997
260,104,confirmed,機,paddle1:0.185
261,105,confirmed,自,paddle1:1.000
262,106,confirmed,終,paddle1:0.573
263,107,confirmed,了,token_map
264,108,confirmed,令,paddle1:0.925
265,109,confirmed,調,paddle1:0.994
266,010A,confirmed,整,paddle1:1.000
267,010B,confirmed,通,paddle1:0.999
268,010C,confirmed,常,paddle1:0.999
269,010D,confirmed,防,paddle1:0.999
270,010E,confirmed,御,paddle1:0.999
271,010F,confirmed,戦,paddle_xbrz:0.541
272,110,confirmed,闘,manual:user_confirmed
273,111,confirmed,手,token_map
274,112,confirmed,官,paddle1:0.998
275,113,confirmed,現,token_map
276,114,confirmed,在,token_map
277,115,confirmed,消,paddle1:1.000
278,116,confirmed,費,paddle1:0.302
279,117,confirmed,量,paddle1:0.999
280,118,confirmed,次,paddle1:0.949
281,119,confirmed,回,token_map
282,011A,confirmed,行,token_map
283,011B,confirmed,順,paddle1:0.904
284,011C,confirmed,位,paddle1:0.994
285,011D,confirmed,追,paddle1:0.997
286,011E,confirmed,加,token_map
287,011F,confirmed,左,token_map
288,120,confirmed,右,paddle_xbrz:0.882
289,121,confirmed,選,paddle1:0.983
290,122,confirmed,下,paddle1:1.000
291,123,confirmed,詠,paddle1:0.574
292,124,confirmed,唱,paddle1:0.996
293,125,confirmed,時,token_map
294,126,confirmed,間,paddle1:0.937
295,127,confirmed,中,token_map
296,128,confirmed,続,paddle1:0.995
297,129,confirmed,択,token_map
298,012A,confirmed,確,token_map
299,012B,confirmed,認,paddle_xbrz:0.997
300,012C,confirmed,取,token_map
301,012D,confirmed,決,token_map
302,012E,confirmed,定,token_map
303,012F,confirmed,覚,manual:jp_variant_fix
304,130,confirmed,&,manual:user_confirmed
305,131,confirmed,使,paddle1:0.986
306,132,confirmed,勝,paddle1:0.977
307,133,confirmed,利,paddle1:0.999
308,134,confirmed,敗,paddle1:0.365
309,135,confirmed,北,token_map
310,136,confirmed,条,paddle1:0.918
311,137,confirmed,件,token_map
312,138,confirmed,部,paddle1:0.998
313,139,confirmed,隊,paddle_xbrz:0.940
314,013A,confirmed,速,paddle1:0.993
315,013B,confirmed,度,token_map
316,013C,confirmed,音,token_map
317,013D,confirmed,声,paddle1:1.000
318,013E,confirmed,低,token_map
319,013F,confirmed,普,paddle1:0.999
320,140,confirmed,高,paddle1:0.993
321,141,confirmed,情,paddle1:1.000
322,142,confirmed,報,paddle1:0.938
323,143,confirmed,優,paddle1:0.483
324,144,confirmed,果,paddle1:0.996
325,145,confirmed,告,token_map
326,146,confirmed,士,paddle1:0.794
327,147,confirmed,配,paddle1:1.000
328,148,confirmed,属,paddle1:0.962
329,149,confirmed,装,paddle1:0.998
330,014A,confirmed,備,paddle1:0.866
331,014B,confirmed,置,paddle1:0.997
332,014C,confirmed,出,token_map
333,014D,confirmed,所,token_map
334,014E,confirmed,持,paddle1:0.999
335,014F,confirmed,金,token_map
336,150,confirmed,未,token_map
337,151,confirmed,強,manual:jp_variant_fix
338,152,confirmed,制,token_map
339,153,confirmed,面,paddle1:0.994
340,154,confirmed,参,paddle_xbrz:0.968
341,155,confirmed,照,paddle1:1.000
342,156,confirmed,再,token_map
343,157,confirmed,購,paddle1:0.996
344,158,confirmed,入,paddle1:0.944
345,159,confirmed,売,manual:jp_variant_fix
346,015A,confirmed,却,paddle1:0.910
347,015B,confirmed,可,paddle1:0.998
348,015C,confirmed,能,paddle1:0.999
349,015D,confirmed,者,token_map
350,015E,confirmed,→,manual:user_confirmed
351,015F,confirmed,武,paddle1:0.997
352,160,confirmed,器,paddle1:0.990
353,161,confirmed,具,paddle1:0.995
354,162,confirmed,他,token_map
355,163,confirmed,足,paddle1:0.995
356,164,confirmed,一,paddle1:0.635
357,165,confirmed,杯,paddle1:0.973
358,166,confirmed,捨,manual:jp_variant_fix
359,167,confirmed,封,paddle1:0.999
360,168,confirmed,混,paddle1:0.997
361,169,confirmed,乱,paddle1:0.999
362,016A,confirmed,命,paddle1:0.996
363,016B,confirmed,熟,paddle1:0.981
364,016C,confirmed,睡,paddle1:0.999
365,016D,confirmed,麻,paddle1:1.000
366,016E,confirmed,痺,paddle1:0.476
367,016F,confirmed,石,paddle1:0.958
368,170,confirmed,獣,manual:jp_variant_fix
369,171,confirmed,退,paddle1:0.999
370,172,confirmed,去,token_map
371,173,confirmed,止,accept:upper_ttf_xbrz
372,174,confirmed,敵,manual:user_confirmed
373,175,confirmed,不,paddle_xbrz:0.999
374,176,confirmed,状,token_map
375,177,confirmed,態,paddle_xbrz:0.858
376,178,confirmed,後,paddle1:0.605
377,179,confirmed,復,paddle1:0.657
378,017A,confirmed,上,token_map
379,017B,confirmed,効,manual:jp_variant_fix
380,017C,confirmed,先,paddle1:0.996
381,017D,confirmed,目,paddle1:0.927
382,017E,confirmed,標,paddle1:0.929
383,017F,confirmed,接,paddle1:0.999
384,180,confirmed,開,token_map
385,181,confirmed,始,paddle1:0.996
386,182,confirmed,:,manual:user_confirmed
387,183,confirmed,地,paddle1:0.998
388,184,confirmed,点,paddle1:0.999
389,185,confirmed,▢,manual:user_confirmed_nondup_square
390,186,confirmed,詳,paddle1:0.760
391,187,confirmed,細,paddle1:0.898
392,188,confirmed,契,paddle1:0.999
393,189,confirmed,約,paddle1:0.776
394,018A,confirmed,毒,paddle1:0.999
395,018B,confirmed,化,token_map
396,018C,confirmed,発,paddle1:0.682
397,018D,confirmed,済,manual:jp_variant_fix
398,018E,confirmed,切,token_map
399,018F,confirmed,見,token_map
400,190,confirmed,進,paddle1:0.744
401,191,confirmed,戻,manual:context_vision_confirmed
402,192,confirmed,表,token_map
403,193,confirmed,名,token_map
404,194,confirmed,前,token_map
405,195,symbol,,manual:icon_glyph
406,196,confirmed,活,paddle1:0.997
407,197,confirmed,躍,paddle1:0.718
408,198,confirmed,撤,paddle1:0.997
409,199,confirmed,浅,paddle1:0.819
410,019A,confirmed,田,paddle1:0.986
411,019B,confirmed,葉,paddle1:0.722
412,019C,confirmed,子,paddle1:0.999
413,019D,confirmed,水,paddle_xbrz:0.999
414,019E,confirmed,奨,manual:context_vision_confirmed
415,019F,confirmed,稲,paddle1:0.543
416,01A0,confirmed,実,paddle_xbrz:0.988
417,01A1,confirmed,岩,paddle1:0.989
418,01A2,confirmed,永,paddle1:1.000
419,01A3,confirmed,哲,paddle1:0.999
420,01A4,confirmed,哉,paddle1:0.985
421,01A5,confirmed,川,token_map
422,01A6,confirmed,緑,paddle1:0.785
423,01A7,confirmed,光,paddle1:0.999
424,01A8,confirmed,小,token_map
425,01A9,confirmed,粥,paddle1:0.999
426,01AA,confirmed,柴,paddle1:0.986
427,01AB,confirmed,秀,paddle1:0.977
428,01AC,confirmed,戸,token_map
429,01AD,confirmed,宗,paddle1:0.998
430,01AE,confirmed,寛,manual:jp_variant_fix
431,01AF,confirmed,富,paddle1:0.985
432,01B0,confirmed,沢,token_map
433,01B1,confirmed,美,paddle1:0.998
434,01B2,confirmed,智,paddle1:0.999
435,01B3,confirmed,恵,manual:jp_variant_fix
436,01B4,confirmed,豊,paddle1:0.945
437,01B5,confirmed,嶋,paddle1:0.966
438,01B6,confirmed,真,paddle1:0.997
439,01B7,confirmed,千,token_map
440,01B8,confirmed,安,paddle1:0.969
441,01B9,confirmed,井,token_map
442,01BA,confirmed,邦,paddle1:0.995
443,01BB,confirmed,彦,paddle1:0.896
444,01BC,confirmed,堀,paddle1:0.718
445,01BD,confirmed,岸,paddle1:0.996
446,01BE,confirmed,野,paddle1:0.999
447,01BF,confirmed,幸,paddle1:0.998
448,01C0,confirmed,増,manual:jp_variant_fix
449,01C1,confirmed,谷,token_map
450,01C2,confirmed,康,paddle1:0.996
451,01C3,confirmed,紀,paddle1:0.917
452,01C4,confirmed,松,paddle1:0.994
453,01C5,confirmed,太,paddle1:0.706
454,01C6,confirmed,皆,paddle1:0.997
455,01C7,confirmed,口,manual:context_vision_confirmed
456,01C8,confirmed,祐,paddle_xbrz:0.447
457,01C9,confirmed,鮎,paddle1:0.707
458,01CA,confirmed,龍,paddle1:0.965
459,01CB,confirmed,郎,paddle1:0.994
460,01CC,confirmed,福,paddle1:0.993
461,01CD,confirmed,山,paddle1:0.998
462,01CE,confirmed,潤,paddle1:0.999
463,01CF,confirmed,島,paddle1:0.560
464,01D0,confirmed,健,paddle1:0.990
465,01D1,confirmed,児,token_map
466,01D2,confirmed,渡,paddle1:0.994
467,01D3,confirmed,辺,paddle1:0.340
468,01D4,confirmed,和,paddle1:0.999
469,01D5,confirmed,生,paddle1:1.000
470,01D6,confirmed,久,token_map
471,01D7,confirmed,隆,paddle1:0.996
472,01D8,confirmed,之,paddle1:0.990
473,01D9,confirmed,林,paddle1:0.997
474,01DA,confirmed,夫,token_map
475,01DB,confirmed,愛,paddle1:0.319
476,01DC,confirmed,満,manual:jp_variant_fix
477,01DD,confirmed,仲,paddle1:0.975
478,01DE,confirmed,由,token_map
479,01DF,confirmed,西,token_map
480,1,confirmed,脇,paddle1:0.615
481,10,confirmed,保,paddle1:0.998
482,100,confirmed,坂,token_map
483,1000,confirmed,本,token_map
484,10000,confirmed,吾,paddle1:0.998
485,100000,confirmed,塚,paddle1:0.396
486,1000000,confirmed,也,paddle1:0.999
487,10000000,confirmed,吉,token_map
488,100000000,confirmed,孝,paddle1:0.998
489,1000000000,confirmed,収,manual:jp_variant_fix
490,01EA,confirmed,神,paddle1:0.999
491,01EB,confirmed,浩,paddle1:0.989
492,01EC,confirmed,史,token_map
493,01ED,confirmed,初,paddle1:0.998
494,01EE,confirmed,期,paddle1:0.999
495,01EF,confirmed,書,paddle1:0.981
496,01F0,confirmed,失,paddle_xbrz:0.975
497,01F1,confirmed,新,token_map
498,01F2,confirmed,規,paddle1:0.968
499,01F3,confirmed,存,manual:context_vision_confirmed
500,01F4,confirmed,充,paddle1:0.972
501,01F5,confirmed,分,paddle1:0.999
502,01F6,confirmed,空,token_map
503,01F7,confirmed,容,token_map
504,01F8,confirmed,抜,manual:jp_variant_fix
505,01F9,confirmed,読,paddle1:0.977
506,01FA,confirmed,込,token_map
507,01FB,confirmed,事,paddle1:1.000
508,01FC,confirmed,環,paddle1:0.752
509,01FD,confirmed,境,paddle1:0.997
510,01FE,confirmed,途,paddle1:0.997
511,01FF,confirmed,作,paddle1:0.998
512,200,confirmed,準,paddle1:0.970
513,201,confirmed,「,manual:context_vision_confirmed
514,202,confirmed,」,manual:context_vision_confirmed
515,203,confirmed,項,token_map
516,204,confirmed,豪,paddle1:0.948
517,205,confirmed,華,paddle1:0.990
518,206,confirmed,陣,paddle1:0.993
519,207,confirmed,言,paddle1:0.987
520,208,confirmed,聞,paddle1:0.992
521,209,confirmed,電,paddle1:0.999
522,020A,confirmed,源,paddle1:1.000
523,020B,confirmed,違,paddle1:0.842
524,020C,confirmed,Ⅴ,manual:user_confirmed
525,020D,confirmed,差,paddle1:0.992
526,020E,confirmed,元,token_map
527,020F,confirmed,帥,token_map
528,210,confirmed,@,manual:user_confirmed
529,211,confirmed,将,token_map
530,212,confirmed,車,token_map
531,213,confirmed,謀,paddle1:0.958
532,214,confirmed,皇,paddle1:0.998
533,215,confirmed,帝,paddle1:0.998
534,216,confirmed,大,manual:context_vision_confirmed
535,217,confirmed,司,paddle1:0.999
536,218,confirmed,教,paddle1:0.996
537,219,confirmed,娘,paddle1:0.996
538,021A,confirmed,公,paddle1:0.942
539,021B,confirmed,爵,paddle1:0.985
540,021C,confirmed,巨,paddle1:0.998
541,021D,confirmed,宰,paddle1:0.902
542,021E,confirmed,相,token_map
543,021F,confirmed,副,paddle1:1.000
544,220,confirmed,女,token_map
545,221,confirmed,王,paddle1:0.990
546,222,confirmed,提,paddle1:0.999
547,223,confirmed,督,paddle1:0.556
548,224,confirmed,闇,manual:context_vision_confirmed
549,225,confirmed,変,manual:jp_variant_fix
550,226,confirmed,幻,paddle1:0.994
551,227,confirmed,死,paddle1:0.997
552,228,confirmed,人,paddle1:0.416
553,229,confirmed,長,token_map
554,022A,confirmed,母,paddle1:0.947
555,022B,confirmed,親,token_map
556,022C,confirmed,村,token_map
557,022D,confirmed,術,paddle1:0.976
558,022E,confirmed,師,paddle1:0.964
559,022F,confirmed,総,manual:jp_variant_fix
560,230,confirmed,祭,paddle1:0.909
561,231,confirmed,巫,paddle1:0.516
562,232,confirmed,般,paddle1:0.939
563,233,confirmed,連,paddle1:0.558
564,234,confirmed,兄,paddle1:0.997
565,235,confirmed,貴,paddle_xbrz:0.431
566,236,confirmed,徴,manual:jp_variant_fix
567,237,confirmed,税,paddle1:0.939
568,238,confirmed,国,paddle1:0.985
569,239,confirmed,団,paddle1:0.987
570,023A,confirmed,同,paddle1:0.981
571,023B,confirmed,盟,paddle1:0.995
572,023C,confirmed,執,paddle1:0.950
573,023D,confirmed,町,paddle1:1.000
574,023E,confirmed,怨,paddle1:0.985
575,023F,confirmed,霊,paddle1:0.928
576,240,confirmed,侯,paddle1:0.957
577,241,confirmed,護,paddle1:0.982
578,242,confirmed,衛,token_map
579,243,confirmed,市,paddle1:0.999
580,244,confirmed,民,token_map
581,245,confirmed,守,paddle1:0.998
582,246,confirmed,看,paddle1:0.991
583,247,confirmed,伝,manual:context_vision_confirmed
584,248,confirmed,警,paddle1:0.973
585,249,confirmed,技,token_map
586,024A,confirmed,店,token_map
587,024B,confirmed,員,paddle1:0.837
588,024C,confirmed,族,paddle1:0.999
589,024D,confirmed,三,paddle1:0.998
590,024E,confirmed,型,paddle1:0.999
591,024F,confirmed,携,paddle1:0.993
592,250,confirmed,帯,manual:jp_variant_fix
593,251,confirmed,旅,paddle1:0.893
594,252,confirmed,身,paddle1:0.999
595,253,confirmed,靴,manual:jp_variant_fix
596,254,confirmed,弱,paddle1:0.969
597,255,confirmed,簡,paddle_xbrz:0.734
598,256,confirmed,単,token_map
599,257,confirmed,扱,manual:context_vision_confirmed
600,258,confirmed,片,token_map
601,259,confirmed,価,manual:context_vision_confirmed
602,025A,confirmed,基,manual:context_vision_confirmed
603,025B,confirmed,的,paddle1:0.999
604,025C,confirmed,受,token_map
605,025D,confirmed,流,token_map
606,025E,confirmed,特,token_map
607,025F,confirmed,殊,paddle1:0.951
608,260,confirmed,短,paddle1:1.000
609,261,confirmed,剣,paddle1:0.831
610,262,confirmed,側,paddle1:0.832
611,263,confirmed,難,paddle1:0.998
612,264,confirmed,鉄,paddle1:0.666
613,265,confirmed,造,paddle1:0.998
614,266,confirmed,味,paddle1:0.998
615,267,confirmed,非,paddle1:0.975
616,268,confirmed,鋭,manual:jp_variant_fix
617,269,confirmed,刀,paddle1:0.984
618,026A,confirmed,波,token_map
619,026B,confirmed,殺,paddle_xbrz:0.557
620,026C,confirmed,傷,paddle1:0.845
621,026D,confirmed,施,paddle1:0.998
622,026E,confirmed,彫,paddle_xbrz:0.945
623,026F,confirmed,刻,paddle1:0.987
624,270,confirmed,芸,paddle1:0.998
625,271,confirmed,品,paddle1:0.997
626,272,confirmed,重,paddle1:0.999
627,273,confirmed,感,paddle1:0.998
628,274,confirmed,素,token_map
629,275,confirmed,早,paddle1:0.998
630,276,confirmed,多,paddle1:0.718
631,277,confirmed,練,paddle1:0.943
632,278,confirmed,向,paddle1:0.996
633,279,confirmed,馬,paddle1:0.993
634,027A,confirmed,星,paddle1:0.998
635,027B,confirmed,恥,manual:jp_variant_fix
636,027C,confirmed,悪,paddle1:0.617
637,027D,confirmed,倒,token_map
638,027E,confirmed,経,manual:jp_variant_fix
639,027F,confirmed,験,paddle1:0.828
640,280,confirmed,倍,paddle1:0.980
641,281,confirmed,苦,paddle1:1.000
642,282,confirmed,段,paddle1:0.994
643,283,confirmed,比,paddle1:0.995
644,284,confirmed,較,paddle1:0.452
645,285,confirmed,頃,paddle1:0.962
646,286,confirmed,心,paddle1:0.999
647,287,confirmed,級,manual:jp_variant_fix
648,288,confirmed,突,paddle_xbrz:0.991
649,289,confirmed,適,paddle1:0.835
650,028A,confirmed,最,paddle1:0.995
651,028B,confirmed,両,paddle1:0.879
652,028C,confirmed,並,paddle1:0.978
653,028D,confirmed,幅,paddle1:0.998
654,028E,confirmed,広,paddle1:0.462
655,028F,confirmed,繰,manual:context_vision_confirmed
656,290,confirmed,鎧,paddle1:0.968
657,291,confirmed,粉,paddle_xbrz:0.999
658,292,confirmed,砕,manual:jp_variant_fix
659,293,confirmed,程,paddle1:1.000
660,294,confirmed,銀,manual:jp_variant_fix
661,295,confirmed,合,paddle1:0.991
662,296,confirmed,付,token_map
663,297,confirmed,威,paddle1:0.973
664,298,confirmed,斬,paddle1:0.963
665,299,confirmed,凍,accept:upper_ttf_xbrz
666,029A,confirmed,冷,paddle1:0.999
667,029B,confirmed,気,paddle1:0.549
668,029C,confirmed,溶,paddle1:0.966
669,029D,confirmed,氷,manual:context_vision_confirmed
670,029E,confirmed,操,manual:context_vision_confirmed
671,029F,confirmed,得,paddle1:0.999
672,02A0,confirmed,柄,paddle1:0.994
673,02A1,confirmed,雷,paddle1:0.998
674,02A2,confirmed,印,paddle1:0.999
675,02A3,confirmed,血,paddle1:0.999
676,02A4,confirmed,鍛,manual:jp_variant_fix
677,02A5,confirmed,呪,paddle1:0.845
678,02A6,confirmed,刃,paddle1:0.845
679,02A7,confirmed,堡,paddle1:0.282
680,02A8,confirmed,鋼,paddle1:0.190
681,02A9,confirmed,説,manual:jp_variant_fix
682,02AA,confirmed,堅,paddle1:0.969
683,02AB,confirmed,麟,paddle1:0.798
684,02AC,confirmed,覆,manual:context_vision_confirmed
685,02AD,confirmed,竜,paddle1:0.928
686,02AE,confirmed,対,manual:jp_variant_fix
687,02AF,confirmed,模,paddle1:0.990
688,02B0,confirmed,様,manual:jp_variant_fix
689,02B1,confirmed,聖,paddle1:1.000
690,02B2,confirmed,英,paddle1:0.998
691,02B3,confirmed,雄,paddle1:0.988
692,02B4,confirmed,性,token_map
693,02B5,confirmed,古,token_map
694,02B6,confirmed,代,token_map
695,02B7,confirmed,文,paddle_xbrz:0.999
696,02B8,confirmed,明,paddle1:0.994
697,02B9,confirmed,式,paddle1:0.998
698,02BA,confirmed,砲,paddle1:0.963
699,02BB,confirmed,日,token_map
700,02BC,confirmed,沌,paddle1:0.994
701,02BD,confirmed,暗,paddle1:0.987
702,02BE,confirmed,黒,paddle1:0.873
703,02BF,confirmed,全,paddle1:0.999
704,02C0,confirmed,物,token_map
705,02C1,confirmed,支,token_map
706,02C2,confirmed,減,manual:jp_variant_fix
707,02C3,confirmed,輝,paddle1:0.743
708,02C4,confirmed,争,paddle1:0.971
709,02C5,confirmed,芹,paddle1:0.989
710,02C6,confirmed,狩,paddle1:0.483
711,02C7,symbol,,manual:icon_glyph
712,02C8,confirmed,考,paddle1:0.998
713,02C9,confirmed,欠,paddle1:0.981
714,02CA,confirmed,精,manual:context_vision_confirmed
715,02CB,confirmed,頭,paddle1:0.985
716,02CC,confirmed,破,paddle1:0.997
717,02CD,confirmed,壊,paddle1:0.616
718,02CE,confirmed,振,paddle1:0.981
719,02CF,confirmed,狂,paddle1:0.666
720,02D0,confirmed,恐,paddle1:1.000
721,02D1,confirmed,怖,paddle1:1.000
722,02D2,confirmed,与,paddle1:0.999
723,02D3,confirmed,沈,paddle1:0.994
724,02D4,confirmed,黙,paddle1:0.591
725,02D5,confirmed,意,accept:upper_ttf_xbrz
726,02D6,confirmed,錬,manual:jp_variant_fix
727,02D7,confirmed,道,paddle1:0.999
728,02D8,confirmed,肉,paddle1:0.992
729,02D9,confirmed,喜,paddle1:0.997
730,02DA,confirmed,今,token_map
731,02DB,confirmed,木,token_map
732,02DC,confirmed,工,paddle1:0.982
733,02DD,confirmed,原,paddle1:0.998
734,02DE,confirmed,打,paddle1:0.999
735,02DF,confirmed,球,token_map
736,2,confirmed,鎖,paddle1:0.986
737,20,confirmed,種,paddle1:0.995
738,200,confirmed,製,paddle1:0.434
739,2000,confirmed,殴,paddle_xbrz:0.990
740,20000,symbol,,manual:icon_glyph
741,200000,confirmed,毎,manual:jp_variant_fix
742,2000000,confirmed,割,paddle1:0.998
743,20000000,confirmed,昇,paddle1:0.764
744,200000000,confirmed,逆,paddle1:1.000
745,2000000000,confirmed,少,paddle1:0.998
746,02EA,confirmed,怪,paddle1:0.998
747,02EB,confirmed,棒,paddle1:0.995
748,02EC,confirmed,来,token_map
749,02ED,confirmed,投,token_map
750,02EE,confirmed,主,paddle1:0.994
751,02EF,confirmed,落,paddle1:0.978
752,02F0,confirmed,騎,paddle1:0.956
753,02F1,confirmed,槍,paddle_xbrz:0.735
754,02F2,confirmed,乗,paddle1:0.568
755,02F3,confirmed,必,paddle1:0.994
756,02F4,confirmed,板,paddle1:0.992
757,02F5,confirmed,貫,paddle1:0.972
758,02F6,confirmed,丈,manual:context_vision_confirmed
759,02F7,confirmed,烈,paddle1:0.950
760,02F8,confirmed,叩,manual:context_vision_confirmed
761,02F9,confirmed,吸,paddle1:0.999
762,02FA,confirmed,尽,paddle1:0.637
763,02FB,confirmed,炎,manual:context_vision_confirmed
764,02FC,confirmed,穂,paddle1:0.669
765,02FD,confirmed,遠,paddle1:0.894
766,02FE,confirmed,灼,paddle1:0.983
767,02FF,confirmed,熱,paddle1:0.815
768,300,confirmed,吹,paddle1:0.904
769,301,confirmed,風,manual:context_vision_confirmed
770,302,confirmed,場,paddle1:0.921
771,303,confirmed,求,paddle1:1.000
772,304,confirmed,兆,paddle1:0.846
773,305,confirmed,負,paddle1:0.958
774,306,confirmed,集,paddle1:1.000
775,307,confirmed,助,token_map
776,308,confirmed,役,token_map
777,309,confirmed,杖,token_map
778,030A,confirmed,習,paddle1:0.998
779,030B,confirmed,射,paddle1:0.999
780,030C,confirmed,有,paddle1:1.000
781,030D,confirmed,端,paddle1:0.899
782,030E,confirmed,呼,paddle1:0.999
783,030F,confirmed,晶,paddle1:1.000
784,310,confirmed,眠,paddle1:1.000
785,311,confirmed,息,paddle1:0.993
786,312,confirmed,癒,manual:jp_variant_fix
787,313,confirmed,姿,paddle1:0.573
788,314,confirmed,秘,token_map
789,315,confirmed,引,paddle1:1.000
790,316,confirmed,-,manual:user_confirmed
791,317,symbol,,manual:icon_glyph
792,318,confirmed,弓,paddle1:0.991
793,319,confirmed,飛,manual:context_vision_confirmed
794,031A,confirmed,距,paddle1:0.999
795,031B,confirmed,離,paddle1:0.994
796,031C,confirmed,運,accept:lower_ttf_raw
797,031D,confirmed,楽,paddle1:0.726
798,031E,confirmed,邪,paddle1:0.997
799,031F,confirmed,訓,paddle1:0.618
800,320,confirmed,要,paddle1:0.999
801,321,confirmed,森,paddle1:0.989
802,322,confirmed,步,paddle1:0.984
803,323,confirmed,絞,paddle_xbrz:0.474
804,324,confirmed,昔,paddle1:0.995
805,325,confirmed,方,paddle_xbrz:0.946
806,326,confirmed,月,token_map
807,327,confirmed,放,paddle1:0.957
808,328,confirmed,矢,paddle_xbrz:0.956
809,329,confirmed,宿,paddle1:1.000
810,032A,confirmed,反,token_map
811,032B,confirmed,許,paddle1:0.996
812,032C,confirmed,飾,manual:jp_variant_fix
813,032D,confirmed,溝,paddle1:0.924
814,032E,confirmed,損,token_map
815,032F,confirmed,成,paddle1:0.990
816,330,confirmed,功,paddle1:0.975
817,331,confirmed,（,token_map
818,332,confirmed,含,paddle1:0.953
819,333,confirmed,）,token_map
820,334,confirmed,珍,paddle1:0.626
821,335,confirmed,著,paddle1:0.644
822,336,confirmed,遥,paddle1:0.994
823,337,confirmed,誇,paddle1:0.976
824,338,confirmed,胴,paddle1:0.661
825,339,confirmed,座,paddle1:0.997
826,033A,confirmed,席,token_map
827,033B,confirmed,肩,paddle1:0.997
828,033C,confirmed,字,paddle1:0.974
829,033D,confirmed,贈,paddle1:0.934
830,033E,confirmed,信,token_map
831,033F,confirmed,授,paddle1:0.993
832,340,confirmed,耐,paddle1:1.000
833,341,confirmed,折,token_map
834,342,confirmed,奇,paddle1:0.977
835,343,confirmed,跡,paddle1:0.946
836,344,confirmed,編,token_map
837,345,confirmed,胸,paddle1:0.950
838,346,confirmed,革,paddle1:0.998
839,347,confirmed,衝,paddle1:0.495
840,348,confirmed,材,token_map
841,349,confirmed,料,paddle1:1.000
842,034A,confirmed,冶,paddle1:0.715
843,034B,confirmed,煮,paddle1:0.963
844,034C,confirmed,固,paddle1:1.000
845,034D,confirmed,達,paddle1:0.709
846,034E,confirmed,燃,paddle1:0.992
847,034F,confirmed,友,token_map
848,350,confirmed,服,paddle1:0.999
849,351,confirmed,何,paddle1:0.947
850,352,confirmed,布,paddle1:0.995
851,353,confirmed,％,token_map
852,354,confirmed,思,paddle1:0.999
853,355,confirmed,議,paddle1:0.926
854,356,confirmed,肌,token_map
855,357,confirmed,露,paddle1:0.994
856,358,confirmed,当,token_map
857,359,confirmed,然,paddle1:0.997
858,035A,confirmed,際,paddle1:0.996
859,035B,confirmed,天,paddle1:0.996
860,035C,confirmed,薄,paddle1:0.992
861,035D,confirmed,羽,paddle1:1.000
862,035E,confirmed,衣,paddle_xbrz:0.970
863,035F,confirmed,仕,token_map
864,360,confirmed,贄,paddle1:0.167
865,361,confirmed,色,paddle1:0.999
866,362,confirmed,激,token_map
867,363,confirmed,臭,paddle1:0.846
868,364,confirmed,儀,paddle1:0.927
869,365,confirmed,々,paddle_xbrz:0.974
870,366,confirmed,災,paddle_xbrz:0.928
871,367,confirmed,仰,paddle1:0.948
872,368,confirmed,解,paddle1:0.998
873,369,confirmed,脚,paddle1:0.971
874,036A,confirmed,白,paddle1:0.993
875,036B,confirmed,根,paddle1:0.991
876,036C,confirmed,走,paddle1:0.997
877,036D,confirmed,好,paddle1:0.999
878,036E,confirmed,妖,paddle1:0.996
879,036F,confirmed,忘,paddle1:0.997
880,370,confirmed,祝,paddle1:0.999
881,371,confirmed,惹,paddle1:0.987
882,372,confirmed,宝,paddle1:0.999
883,373,confirmed,輪,paddle1:0.989
884,374,confirmed,紫,paddle1:0.974
885,375,confirmed,志,paddle1:0.999
886,376,confirmed,黄,paddle1:0.938
887,377,confirmed,冠,paddle1:0.997
888,378,confirmed,厳,paddle1:0.331
889,379,confirmed,統,paddle1:0.922
890,037A,confirmed,疲,token_map
891,037B,confirmed,労,manual:jp_variant_fix
892,037C,confirmed,↗,manual:user_confirmed
893,037D,confirmed,興,paddle1:0.998
894,037E,confirmed,首,paddle1:0.999
895,037F,confirmed,世,token_map
896,380,confirmed,界,paddle1:0.997
897,381,confirmed,晴,paddle1:0.968
898,382,confirmed,采,manual:context_vision_confirmed
899,383,confirmed,別,paddle1:0.993
900,384,confirmed,謎,paddle1:0.921
901,385,confirmed,包,paddle1:0.993
902,386,confirmed,透,paddle1:0.968
903,387,confirmed,形,paddle1:0.984
904,388,confirmed,束,paddle1:0.681
905,389,confirmed,善,paddle1:0.994
906,038A,confirmed,符,paddle1:0.615
907,038B,confirmed,立,paddle1:0.999
908,038C,confirmed,純,paddle1:0.990
909,038D,confirmed,外,token_map
910,038E,confirmed,僧,paddle1:0.979
911,038F,confirmed,侶,paddle1:0.602
912,390,confirmed,桂,paddle1:0.595
913,391,confirmed,限,paddle1:0.998
914,392,confirmed,賢,paddle1:0.693
915,393,confirmed,交,token_map
916,394,confirmed,各,token_map
917,395,confirmed,類,paddle1:0.946
918,396,confirmed,異,paddle1:0.970
919,397,confirmed,略,paddle1:0.996
920,398,confirmed,示,paddle1:0.997
921,399,confirmed,設,paddle1:0.807
922,039A,confirmed,記,token_map
923,039B,confirmed,憶,paddle1:0.982
924,039C,confirmed,直,paddle1:0.996
925,039D,confirmed,便,paddle1:0.991
926,039E,confirmed,～,token_map
927,039F,confirmed,内,token_map
928,03A0,confirmed,更,paddle1:0.982
929,03A1,confirmed,画,paddle1:0.997
930,03A2,confirmed,買,paddle1:0.364
931,03A3,confirmed,称,paddle1:0.999
932,03A4,confirmed,誰,paddle1:0.961
933,03A5,confirmed,額,paddle1:0.858
934,03A6,confirmed,象,paddle1:0.998
935,03A7,confirmed,況,paddle1:0.833
936,03A8,confirmed,把,paddle1:1.000
937,03A9,confirmed,握,paddle1:0.999
938,03AA,confirmed,番,paddle1:0.913
939,03AB,confirmed,号,paddle1:0.998
940,03AC,confirmed,拡,paddle_xbrz:0.534
941,03AD,confirmed,縮,paddle1:0.647
942,03AE,confirmed,×,token_map
943,03AF,confirmed,押,token_map
944,03B0,confirmed,背,paddle1:0.999
945,03B1,confirmed,景,paddle1:0.994
946,03B2,confirmed,残,paddle1:0.989
947,03B3,confirmed,寄,paddle1:0.999
948,03B4,confirmed,以,paddle1:0.999
949,03B5,confirmed,遅,manual:context_vision_confirmed
950,03B6,confirmed,降,paddle1:0.878
951,03B7,confirmed,従,paddle1:0.481
952,03B8,confirmed,食,paddle1:0.858
953,03B9,confirmed,欲,paddle1:0.977
954,03BA,confirmed,関,paddle_xbrz:0.998
955,03BB,confirmed,掛,paddle1:0.981
956,03BC,confirmed,余,paddle1:0.983
957,03BD,confirmed,注,paddle1:0.998
958,03BE,confirmed,狼,paddle1:0.942
959,03BF,confirmed,男,paddle1:0.998
960,03C0,confirmed,越,paddle1:0.997
961,03C1,confirmed,鈍,manual:jp_variant_fix
962,03C2,confirmed,驚,paddle1:0.293
963,03C3,confirmed,創,manual:jp_variant_fix
964,03C4,confirmed,家,paddle1:0.995
965,03C5,confirmed,等,paddle_xbrz:0.999
966,03C6,confirmed,働,paddle1:0.655
967,03C7,confirmed,漢,paddle1:0.962
968,03C8,confirmed,己,paddle1:0.786
969,03C9,confirmed,劣,paddle1:0.972
970,03CA,confirmed,骨,paddle1:1.000
971,03CB,confirmed,積,manual:context_vision_confirmed
972,03CC,confirmed,滅,manual:context_vision_confirmed
973,03CD,confirmed,職,paddle1:0.984
974,03CE,confirmed,近,token_map
975,03CF,confirmed,魚,paddle1:0.817
976,03D0,confirmed,陸,paddle1:0.920
977,03D1,confirmed,住,paddle1:0.962
978,03D2,confirmed,凶,paddle_xbrz:0.724
979,03D3,confirmed,暴,paddle1:0.951
980,03D4,confirmed,格,token_map
981,03D5,confirmed,危,paddle1:0.999
982,03D6,confirmed,険,paddle1:0.587
983,03D7,confirmed,獲,paddle1:0.953
984,03D8,confirmed,襲,paddle1:0.954
985,03D9,confirmed,乙,paddle_xbrz:0.989
986,03DA,confirmed,慣,manual:jp_variant_fix
987,03DB,confirmed,械,paddle1:0.767
988,03DC,confirmed,膏,paddle1:0.471
989,03DD,confirmed,弾,manual:jp_variant_fix
990,03DE,confirmed,半,token_map
991,03DF,confirmed,補,paddle1:0.886
992,3,confirmed,旺,paddle1:0.180
993,30,confirmed,組,paddle1:0.869
994,300,confirmed,織,manual:context_vision_confirmed
995,3000,confirmed,虫,paddle1:0.996
996,30000,confirmed,触,paddle1:0.928
997,300000,confirmed,獄,paddle1:0.814
998,3000000,confirmed,犬,manual:user_confirmed
999,30000000,confirmed,尻,paddle1:0.908
1000,300000000,confirmed,尾,token_map
1001,3000000000,confirmed,針,paddle1:0.910
1002,03EA,confirmed,猛,paddle1:0.981
1003,03EB,confirmed,援,manual:context_vision_confirmed
1004,03EC,confirmed,希,paddle1:0.999
1005,03ED,confirmed,望,paddle1:0.999
1006,03EE,confirmed,像,paddle1:0.981
1007,03EF,confirmed,似,token_map
1008,03F0,confirmed,挑,paddle1:0.988
1009,03F1,confirmed,捕,token_map
1010,03F2,confirmed,夢,paddle1:0.825
1011,03F3,confirmed,翼,paddle1:0.931
1012,03F4,confirmed,障,paddle1:1.000
1013,03F5,confirmed,害,paddle1:0.999
1014,03F6,confirmed,影,paddle1:0.995
1015,03F7,confirmed,響,paddle1:0.552
1016,03F8,confirmed,念,paddle1:0.998
1017,03F9,confirmed,視,paddle1:0.999
1018,03FA,confirmed,陰,paddle1:0.991
1019,03FB,confirmed,潜,paddle1:0.989
1020,03FC,confirmed,憎,paddle1:0.958
1021,03FD,confirmed,赤,paddle1:1.000
1022,03FE,confirmed,雪,paddle1:0.999
1023,03FF,confirmed,瞬,paddle1:0.993
1024,400,confirmed,吐,paddle1:0.995
1025,401,confirmed,火,paddle1:0.953
1026,402,confirmed,給,paddle1:0.921
1027,403,confirmed,資,manual:jp_variant_fix
1028,404,confirmed,租,paddle1:0.703
1029,405,confirmed,爆,paddle1:0.999
1030,406,confirmed,狭,paddle1:0.963
1031,407,confirmed,浴,paddle1:0.985
1032,408,symbol,,manual:icon_glyph
1033,409,confirmed,雲,paddle1:0.996
1034,040A,confirmed,妻,paddle1:0.974
1035,040B,confirmed,嵐,manual:context_vision_confirmed
1036,040C,confirmed,巻,manual:jp_variant_fix
1037,040D,confirmed,起,paddle1:1.000
1038,040E,confirmed,震,paddle1:0.969
1039,040F,confirmed,凄,paddle1:0.641
1040,410,confirmed,隕,paddle1:0.979
1041,411,confirmed,周,paddle1:0.997
1042,412,confirmed,奪,manual:context_vision_confirmed
1043,413,confirmed,禁,paddle1:0.937
1044,414,confirmed,忌,paddle1:0.996
1045,415,confirmed,除,paddle1:0.999
1046,416,confirmed,借,paddle1:0.958
1047,417,confirmed,係,paddle_xbrz:0.965
1048,418,confirmed,抵,paddle1:0.998
1049,419,confirmed,抗,paddle1:0.986
1050,041A,confirmed,妨,paddle1:0.915
1051,041B,confirmed,壁,paddle1:0.993
1052,041C,confirmed,快,paddle1:0.999
1053,041D,confirmed,系,manual:context_vision_confirmed
1054,041E,confirmed,及,paddle1:0.988
1055,041F,confirmed,即,paddle1:0.998
1056,420,confirmed,会,token_map
1057,421,confirmed,転,paddle1:0.928
1058,422,confirmed,送,paddle1:0.999
1059,423,confirmed,域,token_map
1060,424,confirmed,灰,paddle1:0.796
1061,425,confirmed,滑,paddle1:0.987
1062,426,confirmed,勇,paddle_xbrz:0.880
1063,427,confirmed,鳥,paddle1:0.858
1064,428,confirmed,彼,paddle1:0.977
1065,429,confirmed,年,paddle1:1.000
1066,042A,confirmed,甦,manual:context_vision_confirmed
1067,042B,confirmed,巣,manual:jp_variant_fix
1068,042C,confirmed,張,paddle1:0.998
1069,042D,confirmed,髪,paddle1:0.171
1070,042E,confirmed,眼,paddle1:0.998
1071,042F,confirmed,海,paddle1:0.999
1072,430,confirmed,底,paddle1:0.979
1073,431,confirmed,蛇,paddle1:1.000
1074,432,confirmed,牙,manual:swap_promote
1075,433,confirmed,十,paddle1:0.960
1076,434,confirmed,靭,paddle_xbrz:0.524
1077,435,confirmed,恋,paddle1:0.989
1078,436,confirmed,歌,paddle1:0.999
1079,437,confirmed,浜,manual:jp_variant_fix
1080,438,confirmed,仏,paddle_xbrz:0.878
1081,439,confirmed,惑,paddle1:0.993
1082,043A,confirmed,囚,accept:upper_ttf_xbrz
1083,043B,confirmed,末,token_map
1084,043C,confirmed,吞,paddle1:0.441
1085,043D,confirmed,罪,paddle1:0.994
1086,043E,confirmed,清,paddle1:0.997
1087,043F,confirmed,婚,paddle1:1.000
1088,440,confirmed,葬,paddle1:0.986
1089,441,confirmed,筋,paddle1:0.953
1090,442,confirmed,蓋,manual:jp_variant_fix
1091,443,confirmed,描,paddle1:0.995
1092,444,confirmed,角,paddle1:0.743
1093,445,confirmed,供,paddle1:0.992
1094,446,confirmed,覇,manual:jp_variant_fix
1095,447,confirmed,炸,paddle1:0.999
1096,448,confirmed,裂,paddle1:0.963
1097,449,confirmed,忍,paddle1:0.966
1098,044A,confirmed,駿,paddle1:0.339
1099,044B,confirmed,盗,paddle1:0.729
1100,044C,confirmed,賊,paddle1:0.901
1101,044D,confirmed,伏,paddle1:0.909
1102,044E,confirmed,輸,paddle1:0.986
1103,044F,confirmed,勢,manual:jp_variant_fix
1104,450,confirmed,策,paddle1:0.974
1105,451,confirmed,駆,manual:jp_variant_fix
1106,452,confirmed,研,paddle1:0.998
1107,453,confirmed,究,paddle1:0.996
1108,454,confirmed,脱,paddle1:0.979
1109,455,confirmed,急,paddle1:0.993
1110,456,confirmed,偶,paddle1:0.983
1111,457,confirmed,父,paddle_xbrz:0.954
1112,458,confirmed,病,paddle1:1.000
1113,459,confirmed,薬,manual:jp_variant_fix
1114,045A,confirmed,探,token_map
1115,045B,confirmed,共,paddle1:0.999
1116,045C,confirmed,街,paddle1:0.999
1117,045D,confirmed,絡,paddle1:0.946
1118,045E,confirmed,救,paddle1:0.911
1119,045F,confirmed,審,paddle1:0.412
1120,460,confirmed,挙,paddle1:0.612
1121,461,confirmed,邸,paddle1:0.963
1122,462,confirmed,旧,manual:context_vision_confirmed
1123,463,confirmed,舞,paddle1:1.000
1124,464,confirmed,老,paddle1:0.998
1125,465,confirmed,詰,paddle1:0.949
1126,466,confirmed,問,paddle1:0.985
1127,467,confirmed,辞,paddle1:0.999
1128,468,confirmed,恨,paddle1:0.985
1129,469,confirmed,廃,paddle1:0.546
1130,046A,confirmed,巴,paddle1:1.000
1131,046B,confirmed,路,paddle1:0.999
1132,046C,confirmed,城,paddle1:0.972
1133,046D,confirmed,疑,paddle1:0.987
1134,046E,confirmed,逃,paddle1:0.891
1135,046F,confirmed,砦,paddle1:0.935
1136,470,confirmed,帰,paddle1:0.945
1137,471,confirmed,還,paddle1:0.928
1138,472,confirmed,壇,paddle1:0.473
1139,473,confirmed,昆,paddle1:0.272
1140,474,confirmed,亡,paddle1:0.984
1141,475,confirmed,薦,paddle1:0.495
1142,476,confirmed,二,paddle1:0.988
1143,477,confirmed,索,paddle1:0.962
1144,478,confirmed,任,paddle1:0.991
1145,479,confirmed,樹,token_map
1146,047A,confirmed,党,paddle1:0.997
1147,047B,confirmed,改,paddle_xbrz:0.491
1148,047C,confirmed,密,paddle1:0.998
1149,047D,confirmed,港,paddle1:0.996
1150,047E,confirmed,肖,paddle1:0.984
1151,047F,confirmed,銘,manual:jp_variant_fix
1152,480,confirmed,協,paddle1:0.943
1153,481,confirmed,討,paddle1:0.984
1154,482,confirmed,為,paddle1:0.621
1155,483,confirmed,誓,paddle1:0.791
1156,484,confirmed,居,paddle1:0.997
1157,485,confirmed,務,paddle1:0.984
1158,486,confirmed,賞,paddle1:0.548
1159,487,confirmed,犯,paddle1:0.652
1160,488,confirmed,頼,paddle1:0.977
1161,489,confirmed,想,paddle1:0.998
1162,048A,confirmed,領,paddle1:0.946
1163,048B,confirmed,屋,paddle1:0.998
1164,048C,confirmed,敷,paddle1:0.659
1165,048D,confirmed,勘,paddle1:0.995
1166,048E,confirmed,理,paddle_xbrz:1.000
1167,048F,confirmed,漏,paddle1:0.992
1168,490,confirmed,預,paddle1:0.972
1169,491,confirmed,計,token_map
1170,492,confirmed,‥,manual:user_confirmed
1171,493,confirmed,独,paddle1:1.000
1172,494,confirmed,東,paddle_xbrz:0.934
1173,495,confirmed,虐,paddle1:0.967
1174,496,confirmed,摘,paddle1:0.998
1175,497,confirmed,政,paddle1:0.973
1176,498,confirmed,話,token_map
1177,499,confirmed,導,paddle1:0.947
1178,049A,confirmed,卿,paddle1:0.987
1179,049B,confirmed,承,paddle1:0.999
1180,049C,confirmed,諾,paddle1:0.952
1181,049D,confirmed,監,paddle1:0.480
1182,049E,confirmed,率,paddle1:0.998
1183,049F,confirmed,艇,paddle1:0.390
1184,04A0,confirmed,応,paddle_xbrz:0.995
1185,04A1,confirmed,厚,paddle1:0.992
1186,04A2,confirmed,賜,paddle1:0.491
1187,04A3,confirmed,処,paddle1:0.694
1188,04A4,confirmed,検,token_map
1189,04A5,confirmed,麾,paddle1:0.564
1190,04A6,confirmed,殿,paddle1:0.996
1191,04A7,confirmed,返,paddle1:0.997
1192,04A8,confirmed,芳,paddle1:0.994
1193,04A9,confirmed,衆,paddle1:0.695
1194,04AA,confirmed,演,paddle1:0.987
1195,04AB,confirmed,請,paddle1:0.968
1196,04AC,confirmed,陽,paddle1:0.967
1197,04AD,confirmed,門,token_map
1198,04AE,confirmed,侵,paddle1:0.990
1199,04AF,confirmed,悟,paddle1:0.999
1200,04B0,confirmed,徐,paddle1:0.995
1201,04B1,confirmed,訪,paddle1:0.978
1202,04B2,confirmed,閉,paddle1:0.684
1203,04B3,confirmed,征,paddle1:0.993
1204,04B4,confirmed,横,paddle1:0.974
1205,04B5,confirmed,線,paddle1:0.988
1206,04B6,confirmed,遭,paddle1:0.976
1207,04B7,confirmed,搭,paddle1:0.997
1208,04B8,confirmed,載,manual:jp_variant_fix
1209,04B9,confirmed,凱,manual:jp_variant_fix
1210,04BA,confirmed,旋,paddle1:0.992
1211,04BB,confirmed,誕,paddle1:0.564
1212,04BC,confirmed,宣,paddle1:0.991
1213,04BD,confirmed,船,paddle1:0.995
1214,04BE,confirmed,抱,paddle1:0.923
1215,04BF,confirmed,炉,paddle1:0.998
1216,04C0,confirmed,峙,paddle1:0.997
1217,04C1,confirmed,識,paddle1:0.994
1218,04C2,confirmed,階,paddle1:0.978
1219,04C3,confirmed,語,paddle1:0.987
1220,04C4,confirmed,軌,paddle1:1.000
1221,04C5,confirmed,楕,manual:context_vision_confirmed
1222,04C6,confirmed,円,token_map
1223,04C7,confirmed,平,paddle1:1.000
1224,04C8,confirmed,諦,paddle1:0.536
1225,04C9,confirmed,結,paddle1:0.974
1226,04CA,confirmed,阻,paddle1:0.996
1227,04CB,confirmed,夜,paddle1:0.999
1228,04CC,confirmed,崖,paddle1:0.971
1229,04CD,confirmed,留,paddle1:0.999
1230,04CE,confirmed,歪,paddle1:0.982
1231,04CF,confirmed,占,paddle1:0.991
1232,04D0,confirmed,抛,paddle1:0.380
1233,04D1,confirmed,悲,paddle1:0.998
1234,04D2,confirmed,瀕,manual:context_vision_confirmed
1235,04D3,confirmed,荷,paddle1:1.000
1236,04D4,confirmed,担,token_map
1237,04D5,confirmed,宙,paddle1:0.989
1238,04D6,confirmed,艦,paddle1:0.828
1239,04D7,confirmed,控,paddle1:0.999
1240,04D8,confirmed,鑑,paddle1:0.753
1241,04D9,confirmed,犠,paddle1:0.258
1242,04DA,confirmed,牲,paddle_xbrz:0.983
1243,04DB,confirmed,遺,manual:context_vision_confirmed
1244,04DC,confirmed,絶,paddle1:0.582
1245,04DD,confirmed,埋,accept:upper_ttf_xbrz
1246,04DE,confirmed,疎,paddle1:0.885
1247,04DF,confirmed,戒,paddle_xbrz:0.997
1248,4,confirmed,案,paddle1:0.963
1249,40,confirmed,散,paddle1:0.961
1250,400,confirmed,質,paddle1:0.814
1251,4000,confirmed,免,paddle1:0.996
1252,40000,confirmed,航,token_map
1253,400000,confirmed,如,paddle1:0.957
1254,4000000,confirmed,誤,paddle1:0.996
1255,40000000,confirmed,託,paddle1:0.928
1256,400000000,confirmed,＝,token_map
1257,4000000000,confirmed,牽,manual:context_vision_confirmed
1258,04EA,confirmed,伴,paddle1:0.998
1259,04EB,confirmed,被,paddle1:0.997
1260,04EC,confirmed,避,paddle1:0.996
1261,04ED,confirmed,堕,paddle1:0.284
1262,04EE,confirmed,辛,paddle1:0.790
1263,04EF,confirmed,育,paddle1:0.994
1264,04F0,confirmed,願,paddle1:0.981
1265,04F1,confirmed,完,token_map
1266,04F2,confirmed,○,manual:user_confirmed
1267,04F3,confirmed,予,paddle1:0.916
1268,04F4,confirmed,困,paddle1:0.979
1269,04F5,confirmed,∑,token_map
1270,04F6,confirmed,仮,token_map
1271,04F7,confirmed,培,paddle1:0.996
1272,04F8,confirmed,養,paddle_xbrz:0.316
1273,04F9,confirmed,液,paddle1:0.999
1274,04FA,confirmed,銅,manual:jp_variant_fix
1275,04FB,confirmed,磨,paddle1:0.967
1276,04FC,confirmed,羯,paddle1:0.937
1277,04FD,confirmed,宮,paddle1:0.988
1278,04FE,confirmed,瓶,paddle1:0.997
1279,04FF,confirmed,双,paddle_xbrz:0.984
1280,500,confirmed,羊,paddle1:0.986
1281,501,confirmed,牛,token_map
1282,502,confirmed,蟹,paddle1:0.954
1283,503,confirmed,獅,paddle1:0.738
1284,504,confirmed,秤,paddle1:0.997
1285,505,confirmed,蜘,paddle1:0.428
1286,506,confirmed,遂,paddle1:0.471
1287,507,confirmed,学,paddle1:0.995
1288,508,confirmed,懐,paddle1:0.686
1289,509,confirmed,屈,paddle1:0.987
1290,050A,confirmed,私,manual_pair
1291,050B,confirmed,義,paddle_xbrz:0.585
1292,050C,confirmed,聡,manual:context_vision_confirmed
1293,050D,confirmed,脳,manual:jp_variant_fix
1294,050E,confirmed,彩,paddle1:0.968
1295,050F,confirmed,虎,paddle1:0.992
1296,510,confirmed,鷹,paddle1:0.823
1297,511,confirmed,権,paddle1:0.736
1298,512,confirmed,醒,paddle1:0.998
1299,513,confirmed,魂,paddle1:0.996
1300,514,confirmed,臨,paddle1:0.983
1301,515,confirmed,譬,paddle1:0.358
1302,516,confirmed,我,paddle1:0.999
1303,517,confirmed,個,token_map
1304,518,confirmed,忠,paddle1:1.000
1305,519,confirmed,魅,paddle1:0.809
1306,051A,confirmed,刺,paddle1:0.999
1307,051B,confirmed,紹,paddle1:0.647
1308,051C,confirmed,介,paddle1:0.988
1309,051D,confirmed,斡,paddle1:0.764
1310,051E,confirmed,△,paddle1:0.297
1311,051F,confirmed,概,paddle1:0.950
1312,520,confirmed,良,token_map
1313,521,confirmed,台,paddle1:0.991
1314,522,confirmed,橘,paddle1:0.890
1315,523,confirmed,迂,paddle_xbrz:0.539
1316,524,confirmed,駄,paddle1:0.871
1317,525,confirmed,慢,paddle1:0.992
1318,526,confirmed,淡,paddle1:0.841
1319,527,confirmed,顔,paddle1:0.573
1320,528,confirmed,奴,paddle1:0.672
1321,529,confirmed,訳,paddle1:0.835
1322,052A,confirmed,答,paddle1:0.965
1323,052B,confirmed,申,paddle1:0.997
1324,052C,confirmed,ヶ,manual:small_katakana_ke
1325,052D,confirmed,俺,paddle1:0.966
1326,052E,confirmed,致,paddle1:0.997
1327,052F,confirmed,観,paddle1:0.991
1328,530,confirmed,赦,paddle1:0.965
1329,531,confirmed,杭,paddle1:0.995
1330,532,confirmed,眺,paddle1:0.974
1331,533,confirmed,笑,paddle1:0.996
1332,534,confirmed,偉,paddle1:0.940
1333,535,confirmed,貸,paddle1:0.478
1334,536,confirmed,冒,paddle1:0.653
1335,537,confirmed,君,paddle1:0.998
1336,538,confirmed,礼,paddle1:0.999
1337,539,confirmed,構,paddle1:0.899
1338,053A,confirmed,休,token_map
1339,053B,confirmed,暇,paddle1:0.995
1340,053C,confirmed,騒,paddle1:0.741
1341,053D,confirmed,悔,paddle1:0.942
1342,053E,confirmed,僕,paddle1:0.872
1343,053F,confirmed,迷,paddle1:0.997
1344,540,confirmed,甘,paddle1:0.997
1345,541,confirmed,挟,paddle1:0.519
1346,542,confirmed,恕,paddle1:0.405
1347,543,confirmed,柵,manual:jp_variant_fix
1348,544,confirmed,玉,token_map
1349,545,confirmed,微,paddle1:0.964
1350,546,confirmed,緒,paddle1:0.830
1351,547,confirmed,穴,paddle1:0.630
1352,548,confirmed,泣,paddle1:0.982
1353,549,confirmed,痛,manual:swap_promote
1354,054A,confirmed,展,paddle1:0.995
1355,054B,confirmed,栄,paddle_xbrz:0.639
1356,054C,confirmed,丁,paddle1:0.985
1357,054D,confirmed,責,manual:context_vision_confirmed
1358,054E,confirmed,樽,paddle1:0.979
1359,054F,confirmed,拒,paddle_xbrz:0.978
1360,550,confirmed,評,paddle1:0.680
1361,551,confirmed,歯,manual:jp_variant_fix
1362,552,confirmed,僻,paddle1:0.797
1363,553,confirmed,荒,paddle1:0.998
1364,554,confirmed,寂,paddle1:0.981
1365,555,confirmed,妙,paddle1:0.999
1366,556,confirmed,孤,paddle1:0.978
1367,557,confirmed,第,paddle1:1.000
1368,558,confirmed,姉,paddle1:0.888
1369,559,confirmed,裏,manual:context_vision_confirmed
1370,055A,confirmed,扉,manual:context_vision_confirmed
1371,055B,confirmed,鍵,manual:context_vision_confirmed
1372,055C,confirmed,寝,paddle1:0.990
1373,055D,confirmed,嬉,paddle1:0.995
1374,055E,confirmed,喋,paddle1:0.939
1375,055F,confirmed,南,paddle1:0.999
1376,560,confirmed,錠,manual:jp_variant_fix
1377,561,confirmed,登,paddle1:0.993
1378,562,confirmed,箱,paddle1:0.994
1379,563,confirmed,坊,token_map
1380,564,confirmed,弟,paddle1:0.967
1381,565,confirmed,譲,manual:jp_variant_fix
1382,566,confirmed,飲,paddle1:0.876
1383,567,confirmed,煙,paddle1:0.944
1384,568,confirmed,鳩,paddle1:0.480
1385,569,confirmed,静,paddle1:0.978
1386,056A,confirmed,伸,paddle1:0.987
1387,056B,confirmed,鳴,paddle1:0.956
1388,056C,confirmed,袋,paddle1:0.993
1389,056D,confirmed,狡,paddle1:0.300
1390,056E,confirmed,猾,paddle_xbrz:0.927
1391,056F,confirmed,剥,manual:context_vision_confirmed
1392,570,confirmed,吊,paddle1:0.997
1393,571,confirmed,奥,paddle1:0.693
1394,572,confirmed,枚,token_map
1395,573,confirmed,招,paddle1:0.999
1396,574,confirmed,券,paddle1:0.539
1397,575,confirmed,枝,token_map
1398,576,confirmed,腕,paddle1:0.985
1399,577,confirmed,深,paddle1:0.995
1400,578,confirmed,捜,manual:jp_variant_fix
1401,579,confirmed,腹,paddle1:0.782
1402,057A,confirmed,喰,paddle1:0.568
1403,057B,confirmed,汚,manual:jp_variant_fix
1404,057C,confirmed,例,token_map
1405,057D,confirmed,遊,manual:jp_variant_fix
1406,057E,confirmed,姫,manual:jp_variant_fix
1407,057F,confirmed,万,token_map
1408,580,confirmed,悩,manual:jp_variant_fix
1409,581,confirmed,畳,paddle1:0.947
1410,582,confirmed,鉛,paddle1:0.615
1411,583,confirmed,謝,paddle1:0.977
1412,584,confirmed,偽,paddle1:0.510
1413,585,confirmed,耳,paddle1:0.997
1414,586,confirmed,臣,paddle1:1.000
1415,587,confirmed,央,paddle1:0.993
1416,588,confirmed,題,paddle1:0.712
1417,589,confirmed,週,token_map
1418,058A,confirmed,嘘,paddle1:0.983
1419,058B,confirmed,刑,paddle1:0.959
1420,058C,confirmed,湖,paddle1:0.999
1421,058D,confirmed,払,paddle_xbrz:0.821
1422,058E,confirmed,搾,manual:context_vision_confirmed
1423,058F,confirmed,誘,paddle1:0.981
1424,590,confirmed,朝,paddle1:0.990
1425,591,confirmed,濡,paddle1:0.894
1426,592,confirmed,花,paddle1:0.998
1427,593,confirmed,冴,manual:context_vision_confirmed
1428,594,confirmed,七,paddle1:0.998
1429,595,confirmed,青,paddle1:0.995
1430,596,confirmed,愚,paddle1:0.971
1431,597,confirmed,仇,paddle1:0.994
1432,598,confirmed,伐,paddle_xbrz:0.703
1433,599,confirmed,律,paddle1:0.995
1434,059A,confirmed,故,paddle1:0.993
1435,059B,confirmed,蓄,paddle1:0.994
1436,059C,confirmed,飢,manual:jp_variant_fix
1437,059D,confirmed,納,manual:jp_variant_fix
1438,059E,confirmed,桁,paddle1:0.946
1439,059F,confirmed,卵,paddle1:0.994
1440,05A0,confirmed,骸,paddle1:0.259
1441,05A1,confirmed,咲,paddle1:0.636
1442,05A2,confirmed,尋,paddle1:0.714
1443,05A3,confirmed,裕,paddle1:0.995
1444,05A4,confirmed,陛,paddle1:0.831
1445,05A5,confirmed,吠,paddle1:0.759
1446,05A6,confirmed,延,paddle1:0.999
1447,05A7,confirmed,牢,paddle1:0.995
1448,05A8,confirmed,裁,paddle1:0.783
1449,05A9,confirmed,甲,paddle1:0.990
1450,05AA,confirmed,庄,paddle1:0.986
1451,05AB,confirmed,易,paddle1:0.998
1452,05AC,confirmed,嫌,paddle1:0.844
1453,05AD,confirmed,辱,manual:context_vision_confirmed
1454,05AE,confirmed,梨,paddle1:0.118
1455,05AF,confirmed,歳,paddle1:0.528
1456,05B0,confirmed,憤,manual:pick_nondup_xbrz
1457,05B1,confirmed,染,paddle1:0.998
1458,05B2,confirmed,滞,paddle1:0.981
1459,05B3,confirmed,届,paddle1:0.978
1460,05B4,confirmed,閣,manual:swap_promote
1461,05B5,confirmed,慌,paddle1:0.999
1462,05B6,confirmed,棺,paddle1:0.999
1463,05B7,confirmed,碑,paddle1:0.999
1464,05B8,confirmed,紋,paddle1:0.842
1465,05B9,confirmed,章,paddle1:0.998
1466,05BA,confirmed,崩,paddle1:0.912
1467,05BB,confirmed,床,paddle1:0.974
1468,05BC,confirmed,踏,paddle1:0.995
1469,05BD,confirmed,焦,paddle1:0.985
1470,05BE,confirmed,到,paddle1:0.999
1471,05BF,confirmed,泡,paddle1:0.999
1472,05C0,confirmed,版,paddle1:0.999
1473,05C1,confirmed,若,paddle1:0.988
1474,05C2,confirmed,干,paddle1:0.963
1475,05C3,confirmed,継,manual:jp_variant_fix
1476,05C4,confirmed,派,token_map
1477,05C5,confirmed,蝶,paddle1:0.998
1478,05C6,confirmed,洞,paddle1:0.987
1479,05C7,confirmed,筒,paddle1:0.879
1480,05C8,confirmed,覗,paddle1:0.638
1481,05C9,confirmed,衰,paddle1:0.414
1482,05CA,confirmed,浮,paddle1:0.996
1483,05CB,confirmed,股,token_map
1484,05CC,confirmed,斉,paddle1:0.947
1485,05CD,confirmed,徹,paddle1:0.474
1486,05CE,confirmed,尊,paddle1:0.999
1487,05CF,confirmed,業,paddle1:0.986
1488,05D0,confirmed,百,paddle1:0.989
1489,05D1,confirmed,建,paddle1:0.998
1490,05D2,confirmed,裔,manual:context_vision_confirmed
1491,05D3,confirmed,隠,paddle1:0.427
1492,05D4,confirmed,貢,paddle1:0.911
1493,05D5,confirmed,往,paddle1:0.996
1494,05D6,confirmed,因,token_map
1495,05D7,confirmed,縁,paddle1:0.497
1496,05D8,confirmed,幾,paddle1:0.370
1497,05D9,confirmed,崇,paddle1:0.994
1498,05DA,confirmed,抹,paddle1:0.975
1499,05DB,confirmed,濃,paddle1:0.991
1500,05DC,confirmed,算,paddle1:0.999
1501,05DD,confirmed,紙,paddle1:0.710
1502,05DE,confirmed,謙,paddle1:0.935
1503,05DF,confirmed,遜,manual:context_vision_confirmed
1504,5,confirmed,頑,paddle1:0.612
1505,50,confirmed,談,paddle1:0.850
1506,500,confirmed,蓮,paddle1:0.638
1507,5000,confirmed,斥,paddle1:0.874
1508,50000,confirmed,候,token_map
1509,500000,confirmed,償,manual:context_vision_confirmed
1510,5000000,confirmed,拉,paddle1:0.999
1511,50000000,confirmed,専,manual:jp_variant_fix
1512,500000000,confirmed,客,paddle1:0.998
1513,5000000000,confirmed,証,paddle1:0.839
1514,05EA,confirmed,都,paddle1:0.999
1515,05EB,confirmed,傑,manual:context_vision_confirmed
1516,05EC,confirmed,斐,accept:upper_ttf_xbrz
1517,05ED,confirmed,勉,paddle1:0.990
1518,05EE,confirmed,哀,paddle1:0.610
1519,05EF,confirmed,八,accept:upper_ttf_xbrz
1520,05F0,confirmed,尖,paddle1:0.996
1521,05F1,confirmed,叶,paddle1:0.999
1522,05F2,confirmed,貨,paddle1:0.919
1523,05F3,confirmed,♪,manual:user_confirmed
1524,05F4,confirmed,頂,paddle1:0.955
1525,05F5,confirmed,貰,manual:context_vision_confirmed
1526,05F6,confirmed,測,paddle1:0.993
1527,05F7,confirmed,替,paddle1:0.979
1528,05F8,confirmed,騙,paddle1:0.901
1529,05F9,confirmed,誉,manual:context_vision_confirmed
1530,05FA,confirmed,怠,paddle1:0.517
1531,05FB,confirmed,詮,paddle1:0.871
1532,05FC,confirmed,焼,paddle1:0.471
1533,05FD,confirmed,図,accept:upper_ttf_xbrz
1534,05FE,confirmed,祈,paddle1:0.960
1535,05FF,confirmed,企,token_map
1536,600,confirmed,排,paddle1:0.999
1537,601,confirmed,諸,paddle1:0.984
1538,602,confirmed,憩,paddle1:0.995
1539,603,confirmed,歓,manual:jp_variant_fix
1540,604,confirmed,迎,paddle1:0.997
1541,605,confirmed,零,paddle1:0.720
1542,606,confirmed,館,paddle1:0.928
1543,607,confirmed,産,paddle1:0.890
1544,608,confirmed,互,paddle1:0.999
1545,609,confirmed,献,accept:upper_ttf_xbrz
1546,060A,confirmed,遣,paddle1:0.990
1547,060B,confirmed,嘆,paddle1:0.997
1548,060C,confirmed,慮,paddle1:0.763
1549,060D,confirmed,丸,paddle1:0.999
1550,060E,confirmed,盛,paddle1:0.998
1551,060F,confirmed,掘,accept:upper_ttf_xbrz
1552,610,confirmed,戯,manual:context_vision_confirmed
1553,611,confirmed,試,paddle1:0.878
1554,612,confirmed,慕,paddle1:0.966
1555,613,confirmed,恩,paddle1:0.999
1556,614,confirmed,堂,paddle1:0.998
1557,615,confirmed,卑,paddle1:0.999
1558,616,confirmed,怯,paddle1:0.923
1559,617,confirmed,芝,paddle1:0.785
1560,618,confirmed,札,token_map
1561,619,confirmed,褒,accept:upper_ttf_xbrz
1562,061A,confirmed,稼,paddle1:0.995
1563,061B,confirmed,潰,manual:context_vision_confirmed
1564,061C,confirmed,陥,manual:jp_variant_fix
1565,061D,confirmed,室,paddle1:0.999
1566,061E,confirmed,停,paddle1:1.000
1567,061F,confirmed,締,paddle1:0.382
1568,620,confirmed,隔,paddle1:0.999
1569,621,confirmed,覧,paddle1:0.655
1570,622,confirmed,勧,paddle1:0.649
1571,623,confirmed,几,accept:upper_ttf_xbrz
1572,624,confirmed,廷,paddle1:0.980
1573,625,confirmed,詫,paddle1:0.928
1574,626,confirmed,曇,manual:context_vision_confirmed
1575,627,confirmed,雨,paddle1:0.998
1576,628,confirmed,弁,accept:upper_ttf_xbrz
1577,629,confirmed,隷,paddle1:0.246
1578,062A,confirmed,窟,paddle1:0.970
1579,062B,confirmed,貧,paddle1:0.379
1580,062C,confirmed,趣,paddle1:0.993
1581,062D,confirmed,隙,paddle1:0.999
1582,062E,confirmed,柱,paddle1:0.944
1583,062F,confirmed,澄,paddle1:0.808
1584,630,confirmed,区,token_map
1585,631,confirmed,隣,paddle1:0.576
1586,632,confirmed,局,token_map
1587,633,confirmed,暮,manual:context_vision_confirmed
1588,634,confirmed,芽,paddle1:0.369
1589,635,confirmed,土,paddle1:0.508
1590,636,confirmed,融,paddle1:0.977
1591,637,confirmed,喪,paddle1:0.902
1592,638,confirmed,曖,manual:context_vision_confirmed
1593,639,confirmed,昧,paddle1:0.675
1594,063A,confirmed,兼,paddle1:0.993
1595,063B,confirmed,劫,paddle1:0.961
1596,063C,confirmed,穫,accept:upper_ttf_xbrz
1597,063D,confirmed,抑,paddle1:0.560
1598,063E,confirmed,紛,accept:upper_ttf_xbrz
1599,063F,confirmed,苗,paddle1:0.997
1600,640,confirmed,努,paddle1:0.443
1601,641,confirmed,励,paddle1:0.999
1602,642,confirmed,粘,paddle1:0.997
1603,643,confirmed,科,paddle1:0.996
1604,644,confirmed,据,paddle1:0.995
1605,645,confirmed,促,paddle1:0.995
1606,646,confirmed,繁,manual:context_vision_confirmed
1607,647,confirmed,弊,paddle1:0.737
1608,648,confirmed,酷,accept:upper_ttf_xbrz
1609,649,confirmed,惜,paddle1:0.999
1610,064A,confirmed,傲,paddle1:0.975
1611,064B,confirmed,添,paddle1:0.999
1612,064C,confirmed,噂,paddle1:0.880
1613,064D,confirmed,迅,paddle1:0.958
1614,064E,confirmed,績,manual:context_vision_confirmed
1615,064F,confirmed,茶,paddle1:0.999
1616,650,confirmed,晩,manual:jp_variant_fix
1617,651,confirmed,郷,paddle1:0.782
1618,652,confirmed,貿,manual:jp_variant_fix
1619,653,confirmed,顧,paddle1:0.946
1620,654,confirmed,鎮,manual:jp_variant_fix
1621,655,confirmed,貝,paddle1:0.981
1622,656,confirmed,逝,paddle1:0.870
1623,657,confirmed,喫,paddle1:0.908
1624,658,confirmed,皮,paddle1:0.996
1625,659,confirmed,就,paddle1:1.000
1626,065A,confirmed,堵,paddle1:0.997
1627,065B,confirmed,乏,manual:context_vision_confirmed
1628,065C,confirmed,♡,manual:user_confirmed
1629,065D,confirmed,寧,manual:jp_variant_fix
1630,065E,confirmed,軟,paddle1:0.993
1631,065F,confirmed,鼻,paddle1:0.979
1632,660,confirmed,博,paddle1:0.147
1633,661,confirmed,節,paddle1:0.938
1634,662,confirmed,婦,paddle1:0.995
1635,663,symbol,,manual:icon_glyph
1636,664,confirmed,裸,paddle1:0.991
1637,665,confirmed,宅,paddle1:0.997
1638,666,confirmed,拳,paddle1:0.949
1639,667,confirmed,麺,manual:context_vision_confirmed
1640,668,confirmed,毛,paddle1:0.999
1641,669,confirmed,戚,paddle1:0.577
1642,066A,confirmed,商,token_map
1643,066B,confirmed,掃,paddle1:1.000
1644,066C,confirmed,洗,paddle1:0.999
1645,066D,confirmed,灌,paddle1:0.927
1646,066E,confirmed,炊,accept:upper_ttf_xbrz
1647,066F,confirmed,写,paddle1:0.990
1648,670,confirmed,渉,manual:jp_variant_fix
1649,671,confirmed,粋,paddle1:0.443
1650,672,confirmed,奉,accept:upper_ttf_xbrz
1651,673,confirmed,庭,paddle1:0.996
1652,674,confirmed,冊,manual:jp_variant_fix
1653,675,confirmed,逸,paddle1:0.953
1654,676,confirmed,嬢,paddle1:0.776
1655,677,confirmed,倉,paddle1:0.593
1656,678,confirmed,庫,token_map
1657,679,confirmed,叫,paddle1:0.963
1658,067A,confirmed,採,paddle1:0.554
1659,067B,confirmed,換,token_map
1660,067C,confirmed,鐘,paddle1:0.985
1661,067D,confirmed,曲,paddle1:1.000
1662,067E,confirmed,懸,paddle1:0.576
1663,067F,confirmed,筑,paddle1:1.000
1664,680,confirmed,奏,paddle1:0.890
1665,681,confirmed,遙,manual:context_vision_confirmed
1666,682,confirmed,飽,paddle1:0.802
1667,683,confirmed,垂,paddle1:0.845
1668,684,confirmed,雹,paddle1:0.853
1669,685,confirmed,聘,accept:upper_ttf_xbrz
1670,686,confirmed,踊,paddle1:0.989
1671,687,confirmed,頬,manual:jp_variant_fix
1672,688,confirmed,戴,paddle1:0.818
1673,689,confirmed,夕,paddle1:0.664
1674,068A,confirmed,丘,paddle1:0.997
1675,068B,confirmed,春,token_map
1676,068C,confirmed,温,paddle1:0.984
1677,068D,confirmed,泉,paddle1:0.999
1678,068E,confirmed,汗,paddle1:0.999
1679,068F,confirmed,汁,paddle1:0.991
1680,690,confirmed,累,paddle1:0.949
1681,691,confirmed,才,paddle1:0.897
1682,692,confirmed,[,manual:user_confirmed
1683,693,confirmed,],manual:user_confirmed
1684,694,confirmed,←,manual:user_confirmed
1685,695,confirmed,↓,manual:user_confirmed
1686,696,confirmed,誌,paddle1:0.964
1687,697,confirmed,複,manual:context_vision_confirmed
1688,698,confirmed,酒,paddle1:1.000
1689,699,confirmed,油,paddle1:0.999
1690,069A,confirmed,畜,accept:upper_ttf_xbrz
1691,069B,confirmed,Ω,manual:user_confirmed
1692,069C,confirmed,植,paddle1:0.999
1693,069D,confirmed,枢,paddle1:0.639
1694,069E,confirmed,乞,manual:context_vision_confirmed
1695,069F,confirmed,肢,token_map
1696,06A0,confirmed,維,paddle1:0.671
1697,06A1,confirmed,析,token_map
1698,06A2,confirmed,^,manual:user_confirmed
1699,06A3,confirmed,妹,paddle1:0.836
1700,06A4,confirmed,論,paddle1:0.997
1701,06A5,confirmed,査,manual:jp_variant_fix
1702,06A6,confirmed,医,paddle1:0.999
1703,06A7,confirmed,癖,paddle1:0.923
1704,06A8,confirmed,峠,paddle1:0.982
1705,06A9,confirmed,迫,paddle1:0.970
1706,06AA,confirmed,忙,paddle1:0.991
1707,06AB,confirmed,酬,paddle1:0.998
1708,06AC,confirmed,訣,paddle1:0.937
1709,06AD,confirmed,網,paddle1:0.964
1710,06AE,confirmed,社,paddle1:1.000
1711,06AF,confirmed,齢,manual:jp_variant_fix
1712,06B0,confirmed,至,paddle1:0.992
1713,06B1,confirmed,溪,paddle1:0.784
1714,06B2,confirmed,暖,paddle1:0.974
1715,06B3,confirmed,絵,paddle1:0.681
1716,06B4,confirmed,糸,manual:context_vision_confirmed
1717,06B5,confirmed,謁,paddle1:0.658
1718,06B6,confirmed,謹,paddle1:0.962
1719,06B7,confirmed,河,paddle1:1.000
1720,06B8,confirmed,挨,token_map
1721,06B9,confirmed,拶,accept:upper_ttf_xbrz
1722,06BA,confirmed,拾,paddle1:0.997
1723,06BB,confirmed,膨,paddle1:0.180
1724,06BC,confirmed,蘇,paddle1:0.683
1725,06BD,confirmed,剰,manual:jp_variant_fix
1726,06BE,confirmed,校,paddle1:0.951
1727,06BF,confirmed,院,paddle1:0.998
1728,06C0,confirmed,賛,manual:context_vision_confirmed
1729,06C1,confirmed,掲,token_map
1730,06C2,confirmed,蹴,paddle1:0.876
1731,06C3,confirmed,営,paddle1:0.512
1732,06C4,confirmed,腐,paddle1:0.961
1733,06C5,confirmed,堪,paddle1:0.994
1734,06C6,confirmed,叙,paddle1:0.856
1735,06C7,confirmed,翌,paddle1:0.975
1736,06C8,confirmed,昼,paddle1:0.821
1737,06C9,confirmed,推,token_map
1738,06CA,confirmed,蜂,paddle1:0.997
1739,06CB,confirmed,農,paddle1:0.439
1740,06CC,confirmed,委,paddle1:0.989
1741,06CD,confirmed,釈,paddle1:0.576
1742,06CE,confirmed,旗,paddle1:1.000
1743,06CF,confirmed,翻,paddle1:1.000
1744,06D0,confirmed,亀,manual:jp_variant_fix
1745,06D1,confirmed,机,token_map
1746,06D2,confirmed,呆,paddle1:0.857
1747,06D3,confirmed,窓,paddle1:0.557
1748,06D4,confirmed,削,paddle1:0.999
1749,06D5,confirmed,録,paddle1:0.806
1750,06D6,confirmed,扮,paddle1:0.994
1751,06D7,confirmed,症,paddle1:0.988
1752,06D8,confirmed,填,paddle1:0.966
1753,06D9,confirmed,縛,paddle1:0.910
1754,06DA,confirmed,堤,paddle1:0.994
1755,06DB,confirmed,洪,paddle1:0.993
1756,06DC,confirmed,孫,paddle1:0.890
1757,06DD,confirmed,胞,paddle1:0.998
1758,06DE,confirmed,圏,manual:jp_variant_fix
1759,06DF,confirmed,腰,paddle1:0.999
1760,6,confirmed,售,paddle1:0.946
1761,60,confirmed,察,paddle1:0.868
1762,600,confirmed,基,paddle1:0.972
1763,6000,confirmed,巡,paddle1:0.775
1764,60000,confirmed,慎,paddle1:0.997
1765,600000,confirmed,塩,paddle1:0.993
1766,6000000,confirmed,枯,token_map
1767,60000000,confirmed,渇,manual:jp_variant_fix
1768,600000000,confirmed,欺,paddle1:0.960
1769,6000000000,confirmed,摂,manual:jp_variant_fix
1770,06EA,confirmed,州,paddle1:0.997
1771,06EB,confirmed,璧,paddle1:0.853
1772,06EC,confirmed,閃,paddle1:0.836
1773,06ED,confirmed,壮,paddle1:0.984
1774,06EE,confirmed,宇,paddle1:0.996
1775,06EF,confirmed,綺,paddle1:0.967
1776,06F0,confirmed,麗,accept:upper_ttf_xbrz
1777,06F1,confirmed,逐,manual:context_vision_confirmed
1778,06F2,confirmed,随,paddle1:0.932
1779,06F3,confirmed,掴,manual:context_vision_confirmed
1780,06F4,confirmed,菜,paddle1:0.268
1781,06F5,confirmed,穏,manual:jp_variant_fix
1782,06F6,confirmed,惚,accept:upper_ttf_xbrz
1783,06F7,confirmed,鼓,manual:context_vision_confirmed
1784,06F8,confirmed,則,paddle1:0.999
1785,06F9,confirmed,劇,paddle1:0.876
1786,06FA,confirmed,馴,paddle1:0.930
1787,06FB,confirmed,惰,manual:context_vision_confirmed
1788,06FC,confirmed,草,paddle1:0.997
1789,06FD,confirmed,瞳,paddle1:0.976
1790,06FE,confirmed,遇,paddle1:0.996
1791,06FF,confirmed,莱,paddle1:0.334
1792,700,confirmed,洋,paddle1:0.998
1793,701,confirmed,耗,paddle1:0.997
1794,702,confirmed,克,paddle1:0.997
1795,703,confirmed,掌,paddle1:0.998
1796,704,confirmed,頻,paddle1:0.960
1797,705,confirmed,是,paddle1:0.999
1798,706,confirmed,濁,paddle1:0.929
1799,707,confirmed,逢,accept:upper_ttf_xbrz
1800,708,confirmed,漠,paddle1:0.987
1801,709,confirmed,簒,manual:context_vision_confirmed
1802,070A,confirmed,些,paddle1:0.998
1803,070B,confirmed,惨,manual:context_vision_confirmed
1804,070C,confirmed,募,paddle1:0.499
1805,070D,confirmed,賭,paddle1:0.977
1806,070E,confirmed,飯,paddle1:0.500
1807,070F,confirmed,依,paddle1:0.992
1808,710,confirmed,洒,manual:context_vision_confirmed
1809,711,confirmed,輩,paddle1:0.891
1810,712,confirmed,捉,paddle1:0.981
1811,713,confirmed,箇,paddle1:0.232
1812,714,confirmed,泳,paddle1:0.958
1813,715,confirmed,詩,paddle1:0.988
1814,716,confirmed,拘,paddle1:0.994
1815,717,confirmed,益,paddle1:0.999
1816,718,confirmed,鬼,paddle1:0.989
1817,719,confirmed,戮,accept:upper_ttf_xbrz
1818,071A,confirmed,抽,paddle1:0.997
1819,071B,confirmed,膳,paddle1:0.998
1820,071C,confirmed,唯,paddle1:0.997
1821,071D,data,,manual:menu_offset_table_not_glyph
1822,071E,data,,manual:menu_offset_table_not_glyph
1823,071F,data,,manual:menu_offset_table_not_glyph
